[

{
		"name": "Great Admiral",
		"uniques": ["Double movement in [Coast]", "Double movement in [Ocean]", "Double movement in [Lakes]"]
	},
{
		"name": "Ignore Zone of Control",
		"uniques": ["Ignores Zone of Control"]
	},
{
		"name": "Scouting II",
		"prerequisites": ["Scouting I"],
		"uniques": ["[+1] Movement"],
		"unitTypes": ["Scout"],
        "column": 8,
        "row": 2
		},
{
		"name": "Scouting III",
		"prerequisites": ["Scouting II"],
		"uniques": ["[+1] Movement",
			"[+1] Sight"],
		"unitTypes": ["Scout"],
        "column": 8,
        "row": 3
	},
]